--
-- PostgreSQL database dump
--

-- Dumped from database version 16.4 (Debian 16.4-3+b1)
-- Dumped by pg_dump version 17.0 (Debian 17.0-1+b2)

SET statement_timeout = 0;
SET lock_timeout = 0;
SET idle_in_transaction_session_timeout = 0;
SET transaction_timeout = 0;
SET client_encoding = 'UTF8';
SET standard_conforming_strings = on;
SELECT pg_catalog.set_config('search_path', '', false);
SET check_function_bodies = false;
SET xmloption = content;
SET client_min_messages = warning;
SET row_security = off;

SET default_tablespace = '';

SET default_table_access_method = heap;

--
-- Name: Categories; Type: TABLE; Schema: public; Owner: AdminShop
--

CREATE TABLE public."Categories" (
    "CategoryId" integer NOT NULL,
    "Code" text,
    "Name" text,
    "About" text,
    "Enabled" boolean NOT NULL,
    "Modified" timestamp with time zone
);


ALTER TABLE public."Categories" OWNER TO "AdminShop";

--
-- Name: Categories_CategoryId_seq; Type: SEQUENCE; Schema: public; Owner: AdminShop
--

ALTER TABLE public."Categories" ALTER COLUMN "CategoryId" ADD GENERATED BY DEFAULT AS IDENTITY (
    SEQUENCE NAME public."Categories_CategoryId_seq"
    START WITH 1
    INCREMENT BY 1
    NO MINVALUE
    NO MAXVALUE
    CACHE 1
);


--
-- Name: Orders; Type: TABLE; Schema: public; Owner: AdminShop
--

CREATE TABLE public."Orders" (
    "OrderId" integer NOT NULL,
    "Code" text,
    "Amount" integer NOT NULL,
    "Address" text,
    "PaymentMethod" integer NOT NULL,
    "Paid" boolean NOT NULL,
    "Status" integer NOT NULL,
    "DateOfOrder" timestamp with time zone NOT NULL,
    "ClientName" text,
    "ClientSurname" text,
    "ClientEmail" text,
    "ClientPhone" text,
    "Comments" text,
    "ShippingType" integer NOT NULL,
    "ShippingInfo" text,
    "UserId" integer,
    "Enabled" boolean NOT NULL,
    "Modified" timestamp with time zone
);


ALTER TABLE public."Orders" OWNER TO "AdminShop";

--
-- Name: Orders_OrderId_seq; Type: SEQUENCE; Schema: public; Owner: AdminShop
--

ALTER TABLE public."Orders" ALTER COLUMN "OrderId" ADD GENERATED BY DEFAULT AS IDENTITY (
    SEQUENCE NAME public."Orders_OrderId_seq"
    START WITH 1
    INCREMENT BY 1
    NO MINVALUE
    NO MAXVALUE
    CACHE 1
);


--
-- Name: ProductOrders; Type: TABLE; Schema: public; Owner: AdminShop
--

CREATE TABLE public."ProductOrders" (
    "ProductId" integer NOT NULL,
    "OrderId" integer NOT NULL,
    "Count" integer NOT NULL
);


ALTER TABLE public."ProductOrders" OWNER TO "AdminShop";

--
-- Name: Products; Type: TABLE; Schema: public; Owner: AdminShop
--

CREATE TABLE public."Products" (
    "ProductId" integer NOT NULL,
    "Name" text,
    "Brand" text,
    "Code" text,
    "Price" integer NOT NULL,
    "OldPrice" integer NOT NULL,
    "Tags" text,
    "Types" text,
    "About" text,
    "LongAbout" text,
    "RatingSum" integer NOT NULL,
    "RatingVotes" integer NOT NULL,
    "Photo" text,
    "OtherPhotos" text,
    "Stock" integer NOT NULL,
    "SubcategoryId" integer NOT NULL,
    "Enabled" boolean NOT NULL,
    "Modified" timestamp with time zone
);


ALTER TABLE public."Products" OWNER TO "AdminShop";

--
-- Name: Products_ProductId_seq; Type: SEQUENCE; Schema: public; Owner: AdminShop
--

ALTER TABLE public."Products" ALTER COLUMN "ProductId" ADD GENERATED BY DEFAULT AS IDENTITY (
    SEQUENCE NAME public."Products_ProductId_seq"
    START WITH 1
    INCREMENT BY 1
    NO MINVALUE
    NO MAXVALUE
    CACHE 1
);


--
-- Name: Subcategories; Type: TABLE; Schema: public; Owner: AdminShop
--

CREATE TABLE public."Subcategories" (
    "SubcategoryId" integer NOT NULL,
    "Code" text,
    "Name" text,
    "About" text,
    "Tags" text,
    "CategoryId" integer NOT NULL,
    "Enabled" boolean NOT NULL,
    "Modified" timestamp with time zone
);


ALTER TABLE public."Subcategories" OWNER TO "AdminShop";

--
-- Name: Subcategories_SubcategoryId_seq; Type: SEQUENCE; Schema: public; Owner: AdminShop
--

ALTER TABLE public."Subcategories" ALTER COLUMN "SubcategoryId" ADD GENERATED BY DEFAULT AS IDENTITY (
    SEQUENCE NAME public."Subcategories_SubcategoryId_seq"
    START WITH 1
    INCREMENT BY 1
    NO MINVALUE
    NO MAXVALUE
    CACHE 1
);


--
-- Name: Users; Type: TABLE; Schema: public; Owner: AdminShop
--

CREATE TABLE public."Users" (
    "UserId" integer NOT NULL,
    "Email" text,
    "Name" text,
    "Surname" text,
    "Role" text,
    "Password" text,
    "Address" text,
    "Phone" text,
    "Enabled" boolean NOT NULL,
    "Modified" timestamp with time zone
);


ALTER TABLE public."Users" OWNER TO "AdminShop";

--
-- Name: Users_UserId_seq; Type: SEQUENCE; Schema: public; Owner: AdminShop
--

ALTER TABLE public."Users" ALTER COLUMN "UserId" ADD GENERATED BY DEFAULT AS IDENTITY (
    SEQUENCE NAME public."Users_UserId_seq"
    START WITH 1
    INCREMENT BY 1
    NO MINVALUE
    NO MAXVALUE
    CACHE 1
);


--
-- Data for Name: Categories; Type: TABLE DATA; Schema: public; Owner: AdminShop
--

COPY public."Categories" ("CategoryId", "Code", "Name", "About", "Enabled", "Modified") FROM stdin;
1	tents	Палатки	На любой вкус и цвет, просторные, компактные и могие другие 	t	2024-12-01 12:24:55.146912+03
2	tourist-furniture	Туристическая мебель		t	2024-12-02 14:48:04.626083+03
\.


--
-- Data for Name: Orders; Type: TABLE DATA; Schema: public; Owner: AdminShop
--

COPY public."Orders" ("OrderId", "Code", "Amount", "Address", "PaymentMethod", "Paid", "Status", "DateOfOrder", "ClientName", "ClientSurname", "ClientEmail", "ClientPhone", "Comments", "ShippingType", "ShippingInfo", "UserId", "Enabled", "Modified") FROM stdin;
2	697055661261	234900	111	3	f	0	2024-12-02 14:33:20.835774+03	admin	admin	test@test.test	+37377860705	\N	1	\N	1	t	2024-12-02 14:33:21.066906+03
\.


--
-- Data for Name: ProductOrders; Type: TABLE DATA; Schema: public; Owner: AdminShop
--

COPY public."ProductOrders" ("ProductId", "OrderId", "Count") FROM stdin;
4	2	1
\.


--
-- Data for Name: Products; Type: TABLE DATA; Schema: public; Owner: AdminShop
--

COPY public."Products" ("ProductId", "Name", "Brand", "Code", "Price", "OldPrice", "Tags", "Types", "About", "LongAbout", "RatingSum", "RatingVotes", "Photo", "OtherPhotos", "Stock", "SubcategoryId", "Enabled", "Modified") FROM stdin;
20	Jumi OM-282056	Складной стол для кемпинга	Jumi-OM-282056	119900	119900	Тип:стол;Складной:да;Габариты в разложенном виде:120x47x70 см;Материал:металл,полиэстер,пластик;Цвет:серебристый;Производитель:Jumi			<h4>Складной стол Jumi OM-282056</h4> — компактный и легкий стол для кемпинга, который легко складывается для удобства транспортировки и хранения. Прочный и устойчивый, он идеально подходит для пикников, кемпинга и отдыха на природе.	0	0	Jumi-OM-282056.webp		100	6	t	2024-12-02 16:33:49.226568+03
21	Jumi OM-860681	Стул складной для кемпинга	Код	17900	17900	Тип:стул;Складной:да;Габариты в разложенном виде:40х30х27 см;Материал:ткань;Каркас:металл;Нагрузка:100 кг;Цвет:зелёный;Страна производителя:Польша;Производитель:Jumi			<h4>Стул складной Jumi OM-860681</h4> — компактный и удобный стул для кемпинга, обеспечивающий комфортный отдых на природе. Легкий, прочный и с удобной спинкой, он идеально подходит для пикников, рыбалки и кемпинга.	0	0	Jumi-OM-860681.webp		100	6	t	2024-12-02 16:37:36.820184+03
22	Jumi OM-282186	Складной стол для кемпинга	Jumi-OM-282186	179900	179900	Тип:стол;Складной:да;Габариты в разложенном виде:78x97x49 см;Материал:металл,полиэстер,пластик;Цвет:серебристый;Производитель:Jumi			<h4>Складной стол Jumi OM-282186</h4> — легкий и компактный стол для кемпинга, который быстро складывается и легко переносится. Идеален для пикников, рыбалки и кемпинга, обеспечивая удобное рабочее пространство на природе.	0	0	Jumi_OM-282186_1.webp	Jumi_OM-282186_2.webp	100	6	t	2024-12-02 16:43:49.413927+03
14	Nils NC1618	Стол складной для кемпинга	Nils-NC1618	145000	145000	Тип:стол;Складной:да;Габариты в разложенном виде:74x73x180 см;Габариты в сложенном виде:91x74x7 см;Вес:11.5 кг;Материал:ПВХ;Каркас:сталь;Цвет:белый;Производитель:Nils		Стол складной Nils NC1618 — удобный и компактный стол для кемпинга, легко складывается и переносится. Идеален для пикников, кемпингов и отдыха на природе, обеспечивая удобное место для приема пищи или размещения снаряжения.	<h4>Стол складной Nils NC1618</h4> — это компактный и легкий стол, идеально подходящий для кемпинга, пикников и отдыха на природе. Он легко складывается и переносится, что делает его удобным в транспортировке. Конструкция стола достаточно устойчива, а поверхность достаточно большая, чтобы комфортно разместить еду, посуду и другие предметы.  Стол изготовлен из прочных материалов, что гарантирует долговечность и устойчивость к внешним воздействиям. Складная конструкция позволяет быстро разложить и сложить стол, экономя время и пространство. <h4>Nils NC1618</h4> идеально подходит для использования в условиях ограниченного пространства, например, в палатке или на небольшой площадке.  Этот стол станет отличным дополнением к вашему кемпинг-оборудованию, предоставляя удобную рабочую поверхность для различных нужд на природе.	0	0	Nils_NC1618_1.webp	Nils_NC1618_2.webp;Nils_NC1618_3.webp;Nils_NC1618_4.webp;Nils_NC1618_5.webp	100	7	t	2024-12-02 15:55:35.769382+03
2	Royokamp Cool	Палатка	Royokamp-Cool	234900	234900			Палатки Royokamp Cool — это идеальный выбор для любителей активного отдыха и кемпинга. Они обеспечивают надежную защиту от дождя и солнца, легко устанавливаются и обладают отличными теплоизоляционными свойствами.	Палатки Royokamp Cool — это продукция для кемпинга, разработанная с учетом всех потребностей современных путешественников. Эти палатки обеспечивают комфортные условия для отдыха в любых погодных условиях, благодаря использованию качественных материалов и современных технологий. В их конструкции учитываются важнейшие аспекты, такие как устойчивость к дождю, ветру и ультрафиолетовому излучению. Палатки быстро устанавливаются и не требуют дополнительных усилий для монтажа, что делает их идеальными для активного отдыха на природе. Некоторые модели оснащены дополнительными вентиляционными окнами и москитными сетками, что гарантирует отличный воздухопоток и защиту от насекомых. Кроме того, палатки Royokamp Cool легкие и компактные в транспортировке, что делает их удобными для путешествий на дальние расстояния и пеших походов. С палатками этого бренда можно быть уверенным в комфортном и безопасном отдыхе на свежем воздухе.	5	1	Royokamp_Cool1.webp	Royokamp_Cool2.webp;Royokamp_Cool3.webp;Royokamp_Cool4.webp;Royokamp_Cool5.webp	100	2	t	2024-12-01 12:05:42.210142+03
1	Enero Splash	Палатка	Enero-Splash	99900	119900	Тип:кемпинговая;Сезонность:лето;Количество мест:2;Количество входов:1;Количество комнат:1;Количество тамбуров:1;Количество слоев:2;Размеры (ШхДхВ):1.2x2.6x1 м;Водонепроницаемость тента:1000 мм;Материал палатки:полиэстер;Каркас:стекловолокно;Цвет:зелёный;Вес:2 кг;Противомоскитная сетка:да;Производитель:Enero 		Палатка Enero Splash — компактная и удобная модель для кемпинга и активного отдыха. Легкая в установке, защищает от дождя и ветра, обеспечивая комфорт даже в непогоду.	Палатка Enero Splash — идеальный выбор для любителей активного отдыха, походов и кемпинга. Ее конструкция сочетает в себе надежность и легкость, что позволяет быстро установить палатку даже в сложных условиях. Изготовленная из водоотталкивающих материалов, она защищает от дождя и ветра, сохраняя тепло и сухость внутри. Просторный интерьер комфортен для 2-3 человек, а компактные размеры в сложенном виде позволяют удобно перевозить ее в рюкзаке или автомобиле. Enero Splash — это идеальное решение для тех, кто ценит удобство и надежность в любых условиях.	10	2	Enero_Splash1.webp	Enero_Splash2.webp;Enero_Splash3.webp;Enero_Splash4.webp;Enero_Splash5.webp	100	1	t	2024-12-01 13:43:01.838073+03
15	Nils NC1633	Складной стол со стульями для кемпинга	Nils-NC1633	120000	120000	Тип:набор мебели;Складной:да;Габариты в разложенном виде:60x70x120 см;Габариты в сложенном виде:60x60x6.5 см;Вес:7.7 кг;Материал:МДФ,полиэстер,сталь;Каркас:алюминий;Цвет:серый;Страна производителя:Польша;Дополнительно:размеры стула 35x33x28;Производитель:Nils		Складной стол со стульями Nils NC1633 — комплект для кемпинга, включающий стол и четыре стула, которые легко складываются и удобно переносятся. Отличается компактностью, прочностью и удобством, обеспечивая комфорт на природе или во время пикников.	<h4>Складной стол со стульями Nils NC1633</h4> — это удобный комплект для кемпинга, включающий компактный стол и четыре стула, идеально подходящих для отдыха на природе. Все элементы комплекта складываются, что облегчает транспортировку и хранение. Стол и стулья изготовлены из прочных материалов, что обеспечивает их долговечность и устойчивость к внешним воздействиям.	0	0	Nils_NC1633_1.webp	Nils_NC1633_2.webp;Nils_NC1633_3.webp;Nils_NC1633_4.webp;Nils_NC1633_5.webp	100	7	t	2024-12-02 16:03:42.679057+03
5	Spokey Stratus	Палатка	Spokey-Stratus	62900	62900	Тип:пляжная;Сезонность:лето;Количество мест:2;Количество входов:1;Количество комнат:1;Количество слоев:1;Размеры (ШхДхВ):1.2x1.95x0.9 м;Материал палатки:полиэтилен, полиэстер;Каркас:стекловолокно;Цвет:белый/синий;Вес:0.9 кг;Компрессионный мешок:да;Дополнительно:самораскладывающаяся;Производитель:Spokey 		Палатка Spokey Stratus — идеальное решение для комфортного кемпинга и активных путешествий. Легкая, устойчивая и удобная, она защищает от дождя и ветра, обеспечивая надежное укрытие для 2-3 человек.	Палатка Spokey Stratus — это надежная и практичная модель, предназначенная для 2-3 человек. С легкостью устанавливается и подходит для кемпинга, походов и активного отдыха на природе. Водоотталкивающие материалы и усиленная защита от ветра обеспечивают комфорт в любых погодных условиях. Просторный внутренний отсек и оптимизированная система вентиляции создают приятный микроклимат внутри палатки. Spokey Stratus отличается компактными размерами в сложенном виде, что делает ее удобной для транспортировки. Идеальный выбор для тех, кто ценит комфорт, надежность и простоту в использовании.	0	0	Spokey_Stratus1.webp	Spokey_Stratus2.webp;Spokey_Stratus3.webp;Spokey_Stratus4.webp	100	3	t	2024-12-01 14:47:33.290011+03
4	Enero Cool Tourist Tent (Black/Blue)	Палатка	Enero-Cool-Tourist	234900	234900	Тип:кемпинговая;Сезонность:весна, лето, осень;Количество мест:4;Количество входов:1;Количество комнат:1;Количество тамбуров:1;Размеры (ШхДхВ):2.1x4.5x1.5 м;Водонепроницаемость тента:3000 мм;Материал палатки:полиэстер;Материал колышков:металл;Каркас:стекловолокно;Цвет:чёрный/зелёный;Вес:4 кг;Вентиляционные окна:да;Производитель:Enero 		Палатка Enero Cool Tourist Tent (Black/Blue) — стильная и компактная модель для туристов. Обеспечивает отличную защиту от дождя и ветра, идеально подходит для отдыха в любом месте.	Палатка Enero Cool Tourist Tent в цветах Black/Blue — это практичный и надежный выбор для любителей активного отдыха и путешествий. Легкая и компактная, она легко устанавливается и помещает 2-3 человека, создавая комфортные условия для ночлега. Водоотталкивающие материалы и усиленная защита от ветра гарантируют, что внутрь не попадет ни дождь, ни холодный воздух. Просторный интерьер и система вентиляции обеспечивают комфорт и свежий воздух даже в жаркую погоду. Идеально подходит для туристов, кемперов и всех, кто ценит удобство и надежность на природе. Черно-синие цвета придают палатке стильный внешний вид, а прочная конструкция гарантирует долговечность и устойчивость в любых условиях.	10	2	Enero_Cool_Tourist1.webp	Enero_Cool_Tourist2.webp;Enero_Cool_Tourist3.webp;Enero_Cool_Tourist4.webp;Enero_Cool_Tourist5.webp;Enero_Cool_Tourist6.webp;Enero_Cool_Tourist7.webp	100	1	t	2024-12-01 13:34:37.763143+03
3	Spokey Olimpic	Палатка 	Spokey-Olimpic	429900	429900	Тип\tкемпинговая  Сезонность:весна, лето, осень;Количество мест:4;Количество входов:1;Количество комнат:2;Количество слоев:1;Количество тамбуров:1;Размеры (ШхДхВ):4.3x2.2x1.3 м;Водонепроницаемость тента:2000 мм;Материал палатки:полиэстер;Каркас:стекловолокно;Цвет:синий;Вес:6.6 кг;Водонепроницаемые швы:да;Производитель:Spokey 		Палатка Spokey Olimpic 2+2 — удобная модель для комфортного кемпинга. Просторная, легкая в установке, с дополнительной защитой от дождя и ветра. Идеальна для 4 человек.	Палатка Spokey Olimpic 2+2 — отличное решение для семейного кемпинга или отдыха с друзьями. Ее конструкция рассчитана на 4 человека, при этом она легко вмещает две спальни по 2 человека. Быстрая и простая установка позволяет тратить минимум времени на подготовку к отдыху. Водоотталкивающие материалы обеспечивают защиту от дождя, а вентиляционные отверстия создают комфортный микроклимат внутри. Прочная и устойчивая, палатку можно использовать в разных погодных условиях. Spokey Olimpic 2+2 — это практичная и комфортная палата для активных путешественников.	0	0	Spokey_Olimpic_2+2.webp		100	3	t	2024-12-01 14:52:26.072292+03
18	Outwell Acadia	Кресло складное для кемпинга	Outwell-Acadia	499000	499000	Тип:кресло-шезлонг;Складной:да;Габариты в разложенном виде:69х85х100/114 см;Вес:8.4 кг;Материал:металл/полиэстер;Нагрузка:150 кг;Цвет:чёрный;Дополнительно:подстаканник;Производитель:Outwell			<h4>Кресло складное Outwell Acadia</h4> — удобное и компактное кресло для кемпинга, обеспечивающее комфортный отдых на природе. Складная конструкция и прочные материалы делают его идеальным выбором для пикников, кемпинга и отдыха на свежем воздухе.	0	0	Outwell_Acadia_1.webp	Outwell_Acadia_2.webp;Outwell_Acadia_3.webp	100	8	t	2024-12-02 16:20:55.506148+03
7	Easy Camp Quasar 200	Палатка	Easy-Camp-Quasar-200	269000	269000	Тип:кемпинговая;Сезонность:весна, лето, осень;Количество мест:2;Количество входов:1;Количество слоев:2;Размеры (ШхДхВ):2.7x1.4x1.1 м;Водонепроницаемость дна:10000 мм;Материал палатки:полиэстер, полиуретан;Материал колышков:металл;Каркас:стекловолокно;Цвет:зелёный;Вес:3.1 кг;Компрессионный мешок:да;Водонепроницаемые швы:да;Огнеупорная пропитка:да;Производитель:Easy Camp;		Палатка Easy Camp Quasar 200 — легкая и компактная двухместная палатка для кемпинга и активного отдыха. С двумя входами и отличной вентиляцией, она обеспечит комфорт в любых условиях.	Палатка Easy Camp Quasar 200 — идеальный выбор для активных путешественников и любителей кемпинга. Эта двухместная палатка отличается легкостью, компактностью и удобством в использовании. Она имеет два входа, что обеспечивает удобство при входе и выходе, а также улучшенную вентиляцию для комфорта в жаркую погоду. Структура палатки устойчива к ветру и дождю благодаря качественным материалам и продуманному дизайну. Отлично подойдет для отдыха в лесу, на берегу озера или в горных районах. Легкая в установке и хранении, палатку можно быстро собрать и разобрать, что делает ее отличным выбором для туристов, которые ценят удобство и практичность в походах.	0	0	Easy-Camp-Quasar-200-Rustic-Green1.webp	Easy-Camp-Quasar-200-Rustic-Green2.webp;Easy-Camp-Quasar-200-Rustic-Green3.webp;Easy-Camp-Quasar-200-Rustic-Green4.webp	100	4	t	2024-12-01 21:23:05.921119+03
9	Easy Camp Quasar 300	Палатка	Easy-Camp-Quasar-300	289000	289000	Тип:кемпинговая;Сезонность:весна, лето, осень;Количество мест:3;Количество входов:1;Количество комнат:1;Количество слоев:2;Количество тамбуров:1;Размеры (ШхДхВ):64х18х18 м;Водонепроницаемость тента:2000 мм;Материал палатки:полиэстер;Каркас:стекловолокно;Цвет:зелёный;Вес:3.6 кг;Навес:да;Производитель:Easy Camp 		Easy Camp Quasar 300 — это компактная и легкая палатка для трех человек, идеально подходящая для кемпинга и походов. Ее конструкция обеспечивает отличную вентиляцию и защиту от непогоды, а быстрота установки и надежность делают ее удобным выбором для любителей активного отдыха.	Easy Camp Quasar 300 — это палатка, разработанная для комфортного пребывания до трех человек в условиях похода или кемпинга. Она отличается легкостью, удобной конструкцией и высокой степенью защиты от погодных условий, включая дождь и ветер.  Палатка оснащена прочным и водоотталкивающим тентом, что позволяет сохранять сухость внутри даже в дождливую погоду. Внутреннее пространство палатки хорошо проветривается благодаря вентиляционным отверстиям, что помогает предотвращать образование конденсата и сохраняет комфортную температуру.  Установка палатки не требует много времени и усилий благодаря простоте конструкции и самонатяжным дугам. Просторный тамбур предлагает дополнительное место для хранения снаряжения, а внутреннее пространство палатки достаточно для размещения трех человек с комфортом.	0	0	Easy_Camp_Quasar_300_1.webp	Easy_Camp_Quasar_300_2.webp;Easy_Camp_Quasar_300_3.webp;Easy_Camp_Quasar_300_4.webp	500	4	t	2024-12-02 15:08:32.950342+03
10	Easy Camp Magnetar 400	Палатка	Easy-Camp-Magnetar-400	415000	415000	Тип:треккинговая;Сезонность:всесезонная;Количество мест:4;Количество входов:1;Количество комнат:1;Водонепроницаемость тента:2000мм;Материал палатки:полиэстер;Каркас:стекловолокно,сталь;Цвет:зелёный;Вес:4кг;Производитель:EasyCamp		Easy Camp Magnetar 400 — это просторная и надежная палатка для четырех человек, идеально подходящая для кемпинга. Система быстрого монтажа, хорошая вентиляция и защита от непогоды делают ее удобным вариантом для долгих путешествий и семейных выездов на природу.	Easy Camp Magnetar 400 — это палатка для четырех человек, предназначенная для кемпинга и отдыха на природе. Отличается хорошей вместимостью, долговечностью и практичностью, обеспечивая комфортное пребывание в любых погодных условиях.  Палатка имеет два отдельных входа и два тамбура, что делает ее идеальной для семейных походов или выездов с друзьями. Это не только увеличивает удобство, но и позволяет более эффективно организовать пространство для хранения снаряжения или использования зон для приготовления пищи.  Модернизированная вентиляция помогает поддерживать комфортную температуру и минимизирует образование конденсата внутри палатки, что особенно важно при длительных стоянках или в условиях повышенной влажности.  Прочная и водоотталкивающая ткань тента защищает от дождя и ветра, а легкие и прочные дуги из стекловолокна обеспечивают надежную поддержку конструкции. Установка палатки быстра и проста благодаря системе "Pop-Up", которая позволяет быстро собрать и разобрать палатку, экономя ваше время и усилия.	0	0	Easy_Camp_Magnetar_400_1.webp	Easy_Camp_Magnetar_400_2.webp;Easy_Camp_Magnetar_400_3.webp;Easy_Camp_Magnetar_400_4.webp	400	4	t	2024-12-02 15:15:27.688072+03
19	Outwell Sardis Lake	Двухместный диван для кемпинга	Outwell-Sardis-Lake	429000	429000	Тип:кресло;Складной:да;Габариты в разложенном виде:125x57x95 см;Габариты упаковки:30х30х97 см;Вес:8.1 кг;Материал:полиэстер;Каркас:сталь;Нагрузка:120 кг;Цвет:серый;Производитель:Outwell			<h4>Двухместный диван для кемпинга Outwell Sardis Lake</h4> — комфортный и стильный диван, идеально подходящий для отдыха на природе. Прочный и легкий, он обеспечивает удобство и поддержку, сочетая удобство домашней мебели с мобильностью кемпингового оборудования.	0	0	Outwell_Sardis_Lake_1.webp	Outwell_Sardis_Lake_3.webp;Outwell_Sardis_Lake_2.webp;Outwell_Sardis_Lake_4.webp	100	8	t	2024-12-02 16:26:02.856159+03
11	Outwell Blackwood 4	Палатка	Outwell-Blackwood-4	1439000	1439000	Тип:кемпинговая;Сезонность:весна,лето,осень;Количество мест:4;Количество входов:2;Количество комнат:2;Количество слоев:2;Количество тамбуров:1;Водонепроницаемость тента:4000мм;Материал палатки:полиэстер;Каркас:стекловолокно;Цвет:зелёный;Вес:16кг;Компрессионный мешок:да;Противомоскитная сетка:да;Вентиляционные окна:да;Производитель:Outwell		Outwell Blackwood 4 — это стильная и комфортная палатка для четырех человек с улучшенной вентиляцией и высокой стойкостью к дождю и ветру. Идеальный выбор для кемпинга и семейных выездов на природу, обеспечивающая комфорт и защиту в любых условиях.	Outwell Blackwood 4 — это просторная и удобная палатка для четырех человек, идеально подходящая для кемпинга и семейных поездок на природу. Конструкция палатки сочетает в себе практичность, стиль и высокое качество, обеспечивая комфорт и защиту от непогоды.  Одной из главных особенностей Outwell Blackwood 4 является улучшенная вентиляционная система, которая позволяет поддерживать оптимальную температуру и минимизировать конденсацию. В палатке предусмотрены большие окна с москитными сетками и вентиляционные отверстия, которые обеспечивают хорошую циркуляцию воздуха и создают комфортный микроклимат внутри.  Палатка имеет два просторных входа, что упрощает вход и выход, а также позволяет организовать удобное хранение снаряжения в одном из тамбуров. Для удобства пользователя предусмотрены дополнительные карманы для мелких предметов внутри палатки.	0	0	Outwell_Blackwood_4_1.webp	Outwell_Blackwood_4_2.webp;Outwell_Blackwood_4_3.webp;Outwell_Blackwood_4_4.webp	100	9	t	2024-12-02 15:31:10.298903+03
12	Outwell Earth 3	Палатка	Outwell-Earth-3	479000	479000	Тип:кемпинговая;Сезонность:всесезонная;Количество мест:3;Количество входов:1;Количество комнат:2;Водонепроницаемость тента:3000 мм;Материал палатки:полиэстер;Каркас:стекловолокно;Цвет:синий;Вес:5.5 кг;Производитель:Outwell		Outwell Earth 3 — легкая и компактная палатка для трех человек, идеально подходящая для активных походов и кемпинга. Прочная конструкция с водоотталкивающим тентом, отличная вентиляция и простота установки делают ее надежным выбором для краткосрочных выездов на природу.	Outwell Earth 3 — это удобная палатка для трех человек, идеально подходящая для кемпинга и активных путешествий. Прочный водоотталкивающий тент защищает от дождя, а вентиляционные отверстия обеспечивают отличную циркуляцию воздуха. Один вход и тамбур для хранения снаряжения обеспечивают удобство использования. Установка проста и быстра, а компактные размеры делают палатку легкой для транспортировки. Это идеальный выбор для небольших групп и одиночных походов.	0	0	Outwell_Earth_3_1.webp	Outwell_Earth_3_2.webp;Outwell_Earth_3_3.webp;Outwell_Earth_3_4.webp	100	9	t	2024-12-02 15:37:38.18235+03
13	Outwell Earth 4	Палатка	Outwell-Earth-4	579000	579000	Тип:кемпинговая;Сезонность:всесезонная;Количество мест:4;Количество входов:2;Количество тамбуров:1;Водонепроницаемость тента:3000 мм;Водонепроницаемость дна:10000 мм;Каркас:стекловолокно;Вес:6.6 кг;Противомоскитная сетка:да;Производитель:Outwell		Outwell Earth 4 — это просторная палатка для четырех человек, предназначенная для кемпинга и активных выездов на природу. Легкая установка, хорошая вентиляция и защита от непогоды делают эту модель отличным выбором для краткосрочных путешествий и семейных кемпингов.	Outwell Earth 4 — это надежная палатка для четырех человек, идеально подходящая для кемпинга, коротких походов и семейных выездов на природу. Ее конструкция сочетает в себе удобство, прочность и отличные эксплуатационные характеристики.  Палатка имеет водоотталкивающий тент, который защищает от дождя и ветра, а благодаря хорошей вентиляции и вентиляционным отверстиям поддерживает комфортный микроклимат внутри. Просторное внутреннее пространство с дополнительным тамбуром для хранения снаряжения позволяет удобно разместиться и хранить вещи.	0	0	Outwell_Earth_4_1.webp	Outwell_Earth_4_2.webp;Outwell_Earth_4_3.webp;Outwell_Earth_4_4.webp	100	9	t	2024-12-02 15:45:40.786791+03
16	Nils NC1802	Кресло складное для кемпинга	Nils-NC1802	350000	350000	Тип:кресло-шезлонг;Складной:да;Габариты в разложенном виде:65x107x79 см;Габариты в сложенном виде:63 х 65 х 25 см;Вес:7.1 кг;Материал:полиэстер;Каркас:сталь;Нагрузка:180 кг;Цвет:зелёный;Производитель:Nils			<h4>Кресло складное Nils NC1802</h4> — удобное и легкое кресло для кемпинга, обеспечивающее комфортный отдых на природе. Легко складывается и переносится, устойчиво и надежно, идеально подходит для пикников и активного отдыха.	0	0	Nils_NC1802_1.webp	Nils_NC1802_2.webp;Nils_NC1802_3.webp;Nils_NC1802_4.webp;Nils_NC1802_5.webp;Nils_NC1802_6.webp;Nils_NC1802_7.webp	100	7	t	2024-12-02 16:09:33.746578+03
17	Outwell Padres Kitchen Table with Bamboo Tabletop	Стол складной для кемпинга	Outwell-Padres-Kitchen-Table	499000	499000	Тип:кухня;Габариты в разложенном виде:75x49x82 см;Габариты упаковки:75x49x15 см;Вес:9 кг;Нагрузка:30 кг;Страна производителя:Дания;Производитель:Outwell			<h4>Outwell Padres Kitchen Table with Bamboo Tabletop</h4> — стильный и функциональный стол для кемпинга с верхней панелью из бамбука. Идеален для приготовления пищи на природе, оснащен дополнительными полками для удобства хранения и организации снаряжения.	0	0	Outwell_Padres_Kitchen_Table.webp		100	8	t	2024-12-02 16:16:18.964148+03
\.


--
-- Data for Name: Subcategories; Type: TABLE DATA; Schema: public; Owner: AdminShop
--

COPY public."Subcategories" ("SubcategoryId", "Code", "Name", "About", "Tags", "CategoryId", "Enabled", "Modified") FROM stdin;
4	Easy-Camp	Easy Camp		Тип:string;Сезонность:string;Количество мест:int;Водонепроницаемость дна:string;Водонепроницаемость тента:string;Материал палатки:string;Каркас:string;Компрессионный мешок:string;Огнеупорная пропитка:string	1	t	2024-12-02 15:19:28.965347+03
9	OutwelL	Outwell		Тип:string;Сезонность:string;Количество мест:int;Водонепроницаемость тента:string;Материал палатки:string;Каркас:string;Компрессионный мешок:string	1	t	2024-12-02 15:32:02.421125+03
7	Nils	Nils		Тип:string;Складной:string;Материал:string;Каркас:string	2	t	2024-12-02 16:11:41.147444+03
8	Outwell	Outwell		Тип:string;Складной:string;Материал:string;Каркас:string;Нагрузка:string;Дополнительно:string	2	t	2024-12-02 16:27:57.595773+03
6	Jumi	Jumi		Тип:string;Материал:string;Каркас:string;Нагрузка:string	2	t	2024-12-02 16:45:09.931911+03
1	Enero	Enero		Тип:кемпинговая;Количество мест:int;Материал палатки:полиэстер;Сезонность:string	1	t	2024-12-01 21:24:38.91781+03
2	Royokamp	Royokamp			1	t	2024-12-01 21:24:48.674429+03
3	Spokey	Spokey		Тип:string;Количество мест:2,4;Количество комнат:string;Каркас:string;Материал палатки:string;Компрессионный мешок:string;Дополнительно:string	1	t	2024-12-01 21:24:59.056427+03
5	Xenos	Xenos			2	t	2024-12-02 14:48:59.751143+03
\.


--
-- Data for Name: Users; Type: TABLE DATA; Schema: public; Owner: AdminShop
--

COPY public."Users" ("UserId", "Email", "Name", "Surname", "Role", "Password", "Address", "Phone", "Enabled", "Modified") FROM stdin;
1	test@test.test	admin	admin	admin	EF797C8118F02DFB64967DD5D3F8C762348C9C63D532CC95C5ED7A898A64F			t	2024-11-30 10:00:46.691638+03
\.


--
-- Name: Categories_CategoryId_seq; Type: SEQUENCE SET; Schema: public; Owner: AdminShop
--

SELECT pg_catalog.setval('public."Categories_CategoryId_seq"', 2, true);


--
-- Name: Orders_OrderId_seq; Type: SEQUENCE SET; Schema: public; Owner: AdminShop
--

SELECT pg_catalog.setval('public."Orders_OrderId_seq"', 2, true);


--
-- Name: Products_ProductId_seq; Type: SEQUENCE SET; Schema: public; Owner: AdminShop
--

SELECT pg_catalog.setval('public."Products_ProductId_seq"', 22, true);


--
-- Name: Subcategories_SubcategoryId_seq; Type: SEQUENCE SET; Schema: public; Owner: AdminShop
--

SELECT pg_catalog.setval('public."Subcategories_SubcategoryId_seq"', 8, true);


--
-- Name: Users_UserId_seq; Type: SEQUENCE SET; Schema: public; Owner: AdminShop
--

SELECT pg_catalog.setval('public."Users_UserId_seq"', 1, true);


--
-- Name: Categories PK_Categories; Type: CONSTRAINT; Schema: public; Owner: AdminShop
--

ALTER TABLE ONLY public."Categories"
    ADD CONSTRAINT "PK_Categories" PRIMARY KEY ("CategoryId");


--
-- Name: Orders PK_Orders; Type: CONSTRAINT; Schema: public; Owner: AdminShop
--

ALTER TABLE ONLY public."Orders"
    ADD CONSTRAINT "PK_Orders" PRIMARY KEY ("OrderId");


--
-- Name: ProductOrders PK_ProductOrders; Type: CONSTRAINT; Schema: public; Owner: AdminShop
--

ALTER TABLE ONLY public."ProductOrders"
    ADD CONSTRAINT "PK_ProductOrders" PRIMARY KEY ("OrderId", "ProductId");


--
-- Name: Products PK_Products; Type: CONSTRAINT; Schema: public; Owner: AdminShop
--

ALTER TABLE ONLY public."Products"
    ADD CONSTRAINT "PK_Products" PRIMARY KEY ("ProductId");


--
-- Name: Subcategories PK_Subcategories; Type: CONSTRAINT; Schema: public; Owner: AdminShop
--

ALTER TABLE ONLY public."Subcategories"
    ADD CONSTRAINT "PK_Subcategories" PRIMARY KEY ("SubcategoryId");


--
-- Name: Users PK_Users; Type: CONSTRAINT; Schema: public; Owner: AdminShop
--

ALTER TABLE ONLY public."Users"
    ADD CONSTRAINT "PK_Users" PRIMARY KEY ("UserId");


--
-- Name: IX_Orders_UserId; Type: INDEX; Schema: public; Owner: AdminShop
--

CREATE INDEX "IX_Orders_UserId" ON public."Orders" USING btree ("UserId");


--
-- Name: IX_ProductOrders_ProductId; Type: INDEX; Schema: public; Owner: AdminShop
--

CREATE INDEX "IX_ProductOrders_ProductId" ON public."ProductOrders" USING btree ("ProductId");


--
-- Name: IX_Products_SubcategoryId; Type: INDEX; Schema: public; Owner: AdminShop
--

CREATE INDEX "IX_Products_SubcategoryId" ON public."Products" USING btree ("SubcategoryId");


--
-- Name: IX_Subcategories_CategoryId; Type: INDEX; Schema: public; Owner: AdminShop
--

CREATE INDEX "IX_Subcategories_CategoryId" ON public."Subcategories" USING btree ("CategoryId");


--
-- Name: Orders FK_Orders_Users_UserId; Type: FK CONSTRAINT; Schema: public; Owner: AdminShop
--

ALTER TABLE ONLY public."Orders"
    ADD CONSTRAINT "FK_Orders_Users_UserId" FOREIGN KEY ("UserId") REFERENCES public."Users"("UserId");


--
-- Name: ProductOrders FK_ProductOrders_Orders_OrderId; Type: FK CONSTRAINT; Schema: public; Owner: AdminShop
--

ALTER TABLE ONLY public."ProductOrders"
    ADD CONSTRAINT "FK_ProductOrders_Orders_OrderId" FOREIGN KEY ("OrderId") REFERENCES public."Orders"("OrderId") ON DELETE CASCADE;


--
-- Name: ProductOrders FK_ProductOrders_Products_ProductId; Type: FK CONSTRAINT; Schema: public; Owner: AdminShop
--

ALTER TABLE ONLY public."ProductOrders"
    ADD CONSTRAINT "FK_ProductOrders_Products_ProductId" FOREIGN KEY ("ProductId") REFERENCES public."Products"("ProductId") ON DELETE CASCADE;


--
-- Name: Products FK_Products_Subcategories_SubcategoryId; Type: FK CONSTRAINT; Schema: public; Owner: AdminShop
--

ALTER TABLE ONLY public."Products"
    ADD CONSTRAINT "FK_Products_Subcategories_SubcategoryId" FOREIGN KEY ("SubcategoryId") REFERENCES public."Subcategories"("SubcategoryId") ON DELETE CASCADE;


--
-- Name: Subcategories FK_Subcategories_Categories_CategoryId; Type: FK CONSTRAINT; Schema: public; Owner: AdminShop
--

ALTER TABLE ONLY public."Subcategories"
    ADD CONSTRAINT "FK_Subcategories_Categories_CategoryId" FOREIGN KEY ("CategoryId") REFERENCES public."Categories"("CategoryId") ON DELETE CASCADE;


--
-- PostgreSQL database dump complete
--

